{
    "anchorpoints": [],
    "portpins": [
        {
            "name": "1",
            "position": [
                -9.745429581298437e-18,
                -2.5,
                0.0
            ],
            "rotation": [
                3.898171832519375e-18,
                1.0,
                0.0,
                -0.0,
                0.0,
                1.0,
                1.0,
                -3.898171832519375e-18,
                0.0
            ]
        }
    ],
    "version": 7
}