{
    "anchorpoints": [],
    "portpins": [
        {
            "name": "1",
            "position": [
                0.0,
                -5.000000000000001,
                -2.0000000000000004
            ],
            "rotation": [
                1.0,
                0.0,
                -0.0,
                0.0,
                1.0,
                0.0,
                0.0,
                -0.0,
                1.0
            ]
        }
    ],
    "version": 7
}